Card#,Title,Artist,Year,SpotifyURL
1,Walking On Sunshine,Katrina & The Waves,1983,https://open.spotify.com/track/05wIrZSwuaVWhcv5FfqeH0
2,Summer In the City,Joe Cocker,1994,https://open.spotify.com/track/1iL3mf4SA0iemXFHN4GVXy
3,Perfect,Fairground Attraction,1988,https://open.spotify.com/track/2X90tKH59XlulLjbT4vci1
4,Have You Ever Seen The Rain,Creedence Clearwater Revival,1970,https://open.spotify.com/track/2LawezPeJhN4AWuSB0GtAU
5,Je ne parle pas français,Namika,2018,https://open.spotify.com/track/4eJqzRN15DabYK4byfWghD
6,One Dance,Drake,2016,https://open.spotify.com/track/1zi7xx7UVEFkmKfv06H8x0
7,Vayamos compañeros,Marquess,2007,https://open.spotify.com/track/6LTAv2W4zYWM5rSKdgHWZS
8,MMMBop,Hanson,1997,https://open.spotify.com/track/0lnxrQAd9ZxbhBBe7d8FO8
9,High,Lighthouse Family,1997,https://open.spotify.com/track/0AQHfKjzky28rf5ytfBANJ
10,All Night Long (All Night),Lionel Richie,1983,https://open.spotify.com/track/1DxT6f6mH7kLriOUWbujup
11,Let The Music Play,Barry White,1976,https://open.spotify.com/track/2sR6PY1YgPZTB8hZflRbFq
12,Shut Up (And Sleep With Me),Sin With Sebastian,1995,https://open.spotify.com/track/7hrTKa1ox63BK92heUKt5f
13,Baila Me,Gipsy Kings,1991,https://open.spotify.com/track/06HRc41zK97Hh9AcuyXVZn
14,Summertime,DJ Jazzy Jeff & The Fresh Prince,1991,https://open.spotify.com/track/20XdEFyaUR9C7aDIdq2OAd
15,Suavemente,Elvis Crespo,1998,https://open.spotify.com/track/7JIjUx3GsL0upxmNJacmtz
16,I Gotta Feeling,Black Eyed Peas,2009,https://open.spotify.com/track/4kLLWz7srcuLKA7Et40PQR
17,The Look,Roxette,1988,https://open.spotify.com/track/7akWKDSf4k0Q0AHGoG91hu
18,Mysterious Girl,Peter Andre,1995,https://open.spotify.com/track/6NLJlusvVnw31IYwU6mDPr
19,Breaking Me,Topic,2019,https://open.spotify.com/track/3H7ihDc1dqLriiWXwsc2po
20,Here Comes The Sun,The Beatles,1969,https://open.spotify.com/track/6dGnYIeXmHdcikdzNNDMm2
21,Eine Woche wach,Mickie Krause,2019,https://open.spotify.com/track/6aRlZoOO6dqXQtqq2wiQZ1
22,Was du Liebe nennst,Bausa,2017,https://open.spotify.com/track/2hIY4sjfMeKwXXh2LvhrMo
23,A Horse With No Name,America,1971,https://open.spotify.com/track/54eZmuggBFJbV7k248bTTt
24,How Deep Is Your Love,Calvin Harris,2015,https://open.spotify.com/track/22mek4IiqubGD9ctzxc69s
25,Hey Baby,DJ Ötzi,2000,https://open.spotify.com/track/5g3rL93FXCoTZwP2zr9RE5
26,Lady Marmalade,Christina Aguilera,2001,https://open.spotify.com/track/7uFwgf6ee162UIu7bDxk3q
27,Loco Contigo (feat. J. Balvin & Tyga),DJ Snake,2019,https://open.spotify.com/track/6osaMSJh9NguagEDQcZaKx
28,Girl You Know It's True,Milli Vanilli,1988,https://open.spotify.com/track/0C7dYeCLF6ukChtW64UNge
29,Alles neu,Peter Fox,2008,https://open.spotify.com/track/5hqxBvQJ3XJDSbxT9vyyqA
30,Reggae Night,Jimmy Cliff,1983,https://open.spotify.com/track/1OE5bn5HUmCqTLNpo13ya3
31,World In Our Hands,Taio Cruz,2011,https://open.spotify.com/track/79xJXZeudmfMq4ay9yCFGd
32,Mama Loo,Les Humphries Singers,1973,https://open.spotify.com/track/3Y37ytfQDMp2KTA1SG9bpl
33,New York-Rio-Tokyo,Trio Rio,1986,https://open.spotify.com/track/68h3Um0UOY8FkMfcelv4Vb
34,Sunshine Reggae,Laid Back,1983,https://open.spotify.com/track/0z0JSkE5Nw3i3nin3BBSuG
35,Sun of Jamaica,Goombay Dance Band,1979,https://open.spotify.com/track/5apwlmvQphkCJbHnMGUP2t
36,Sweet Sixteen,Billy Idol,1987,https://open.spotify.com/track/2QH4s1Hn7XXZzBzdzS7TQz
37,All I Wanna Do,Sheryl Crow,1994,https://open.spotify.com/track/3ZpQiJ78LKINrW9SQTgbXd
38,"Ella, elle l'a",France Gall,1987,https://open.spotify.com/track/6fyyO9wAmiW9oEAXrOR8jQ
39,Sweat (A La La La La Long),Inner Circle,1992,https://open.spotify.com/track/24Si0Kw3pu2RxX1jrbBg5A
40,River,Tom Gregory,2021,https://open.spotify.com/track/5nD2zmNcN7jZ1lrdj4ZVxX
41,"Boom, Boom, Boom, Boom!!",Vengaboys,1998,https://open.spotify.com/track/5N6M8yDiMV32T6Rkzh8EbW
42,So schmeckt der Sommer,Edward Reekers,1995,https://open.spotify.com/track/0ftIaUx27vc9K0ztdiZgHf
43,Boys - Summertime Love,Sabrina,1987,https://open.spotify.com/track/1uI848raFaNWwe9HjHpjQ5
44,Summer Jam 2003,The Underdog Project,2003,https://open.spotify.com/track/78Mqt7lWuaxVhN0ZptsuCY
45,Flying Through the Air,Oliver Onions,1973,https://open.spotify.com/track/1PEZiGU255hLkwyn5CwHqj
46,Wavin' Flag,K'NAAN,2009,https://open.spotify.com/track/0zREtnLmVnt8KUJZZbSdla
47,Could You Be Loved,Bob Marley & The Wailers,1980,https://open.spotify.com/track/5O4erNlJ74PIF6kGol1ZrC
48,Take Me Tonight,Alexander Klaws,2003,https://open.spotify.com/track/1WLp5X9YrbIUkEBYTU10sh
49,United (feat. Marky Mark),Prince Ital Joe,1994,https://open.spotify.com/track/0f3cKxB4avKAHNgucJ6S9O
50,Alors on danse,Stromae,2009,https://open.spotify.com/track/4I2ENHg65RuKifEHdD0kMu
51,Volare,Domenico Modugno,1958,https://open.spotify.com/track/71hIekopkrYCGgggsBOpVG
52,Faded Love,Leony,2021,https://open.spotify.com/track/0HzHUF33G1dPmd2eNULyfa
53,La La La,Naughty Boy,2013,https://open.spotify.com/track/52gvlDnre9craz9dKGObp8
54,Fresh,Kool & The Gang,1984,https://open.spotify.com/track/1mMYaXpT65iZDtvfRA9EkE
55,Wann wird's mal wieder richtig Sommer,Rudi Carrell,1975,https://open.spotify.com/track/2JHRPXa7cVtsRjMb30a9KE
56,Helden 2008,Revolverheld,2008,https://open.spotify.com/track/4iyshfXSQnB0yhQr4Uoyqp
57,Ratzfatz nach Mallorca,Ibo,2000,https://open.spotify.com/track/6G2lRHL7CJjHEaf6AGK9Q5
58,Sofia,Alvaro Soler,2016,https://open.spotify.com/track/5vj59ONIVbyhcrI8ZSwoRo
59,Cruisen,Massive Töne,2002,https://open.spotify.com/track/6e5kuZssmkwWL3Yt4jwTRy
60,This Girl (Kungs Vs. Cookin' On 3 Burners),Kungs,2016,https://open.spotify.com/track/1A8j067qyiNwQnZT0bzUpZ
61,Baker Street,Gerry Rafferty,1978,https://open.spotify.com/track/5gOd6zDC8vhlYjqbQdJVWP
62,Nutbush City Limits,Ike & Tina Turner,1973,https://open.spotify.com/track/06yREZ9X92R2e9RJpdzZ2O
63,I Want To Break Free,Queen,1984,https://open.spotify.com/track/7iAqvWLgZzXvH38lA06QZg
64,Footloose,Kenny Loggins,1984,https://open.spotify.com/track/6W2VbtvMrDXm5vYeB7amkO
65,CAN'T STOP THE FEELING!,Justin Timberlake,2016,https://open.spotify.com/track/6JV2JOEocMgcZxYSZelKcc
66,Wake Me Up,Avicii,2013,https://open.spotify.com/track/0nrRP2bk19rLc0orkWPQk2
67,Hollaback Girl,Gwen Stefani,2004,https://open.spotify.com/track/0eqH0ALoDQevq59YcQ53KE
68,Where Do You Go,No Mercy,1996,https://open.spotify.com/track/37tzoWY1ubBQKGXiWdO5Qv
69,Bella Isola,Bata Illic,2003,https://open.spotify.com/track/0tRdzXtsvcdVcUCvLYa6Ow
70,Lessons In Love,Level 42,1986,https://open.spotify.com/track/3EGI5qmVmGlfgy9BmNb1R8
71,Whatever,CRO,2013,https://open.spotify.com/track/3jtWarFX9mNJpamfDTeP5J
72,Get Lucky (feat. Pharrell Williams and Nile Rodgers),Daft Punk,2013,https://open.spotify.com/track/69kOkLUCkxIZYexIgSG8rq
73,Venus,Bananarama,1986,https://open.spotify.com/track/4XX1pFUkQOZTYp6Hb6a6Ae
74,Happy Together,The Turtles,1967,https://open.spotify.com/track/1JO1xLtVc8mWhIoE3YaCL0
75,Pump Up The Jam,Technotronic,1989,https://open.spotify.com/track/21qnJAMtzC6S5SESuqQLEK
76,La Bamba,Ritchie Valens,1958,https://open.spotify.com/track/5fBW0GEj10MnigsKIWXqcb
77,Heat Waves,Glass Animals,2020,https://open.spotify.com/track/3USxtqRwSYz57Ewm6wWRMp
78,Lonely,Nana Darkman,1997,https://open.spotify.com/track/6ED1t6TwAN5HFBGDF8wHS4
79,Conga!,Miami Sound Machine,1985,https://open.spotify.com/track/3FdHgoJbH3DXNtGLh56pFu
80,Holiday Rap,MC Miker & DJ Sven,1986,https://open.spotify.com/track/2wCgOxYof67qXam24a3pHz
81,Weekend,Earth & Fire,1979,https://open.spotify.com/track/1bZr5vH0cfmKu5ODpD0DEO
82,Love Is You,Thomas Godoj,2008,https://open.spotify.com/track/0ydk0oiUuGNyeUFeWlkjUS
83,Itsy Bitsy Teenie Weenie Honolulu Strand Bikini,Club Honolulu,1960,https://open.spotify.com/track/5hUlx3RF8wtjZNBsqoXi1r
84,People Everyday,Arrested Development,1992,https://open.spotify.com/track/6JvodgYcsthsORxPsEYUoe
85,Sucker,Jonas Brothers,2019,https://open.spotify.com/track/22vgEDb5hykfaTwLuskFGD
86,California Gurls,Katy Perry,2010,https://open.spotify.com/track/6tS3XVuOyu10897O3ae7bi
87,Let's Get Loud,Jennifer Lopez,2000,https://open.spotify.com/track/42nSaPdT6g3ZIMHmKLlP2p
88,One Kiss (with Dua Lipa),Calvin Harris,2018,https://open.spotify.com/track/7ef4DlsgrMEH11cDZd32M6
89,Mambo No. 5 (a Little Bit of...),Lou Bega,1999,https://open.spotify.com/track/6x4tKaOzfNJpEJHySoiJcs
90,The Girl From Ipanema,Stan Getz,1963,https://open.spotify.com/track/7znjbX9XdoQayIrVNdd50Z
91,Talkin' Bout a Revolution,Tracy Chapman,1988,https://open.spotify.com/track/0YMFcrMtBowDdD5bPz0cgy
92,Sonic Empire,Members Of Mayday,1997,https://open.spotify.com/track/3lfZgyQ3qURkdEVBmYF5zp
93,Senza Una Donna,Zucchero & Paul Young,1991,https://open.spotify.com/track/1wzggqX4y7amR0xdJIekwE
94,Don't Stop,Fleetwood Mac,1977,https://open.spotify.com/track/6l6vgKIgXLnqgSMqf4nGNc
95,Coco Jamboo,Mr. President,1996,https://open.spotify.com/track/5fRvePkRGdpn2nKacG7I6d
96,"Never Leave You (Uh Oooh, Uh Oooh)",Lumidee,2003,https://open.spotify.com/track/1AjQE5MtP5jHQMyDepbvLI
97,Ö La Palöma,Ö La Palöma Boys,1999,https://open.spotify.com/track/39WZlpnjUbOY4dY7acSWvU
98,Jetzt oder nie,Maite Kelly,2017,https://open.spotify.com/track/5Q5mE6WAW410uleWj0Qjz7
99,I.O.I.O.,B 3,2002,https://open.spotify.com/track/3b2lYcUl4Scnm4CnltLMvY
100,SOS,ABBA,1975,https://open.spotify.com/track/6yZv0Nl6BXABbXoPVpfF5y
101,Balada,Gusttavo Lima,2011,https://open.spotify.com/track/3nD2y1tyyMiMm7EuJjbvwl
102,The Shoop Shoop Song (It's In His Kiss),Cher,1990,https://open.spotify.com/track/5oV1YjM2rtyZ55txHHsFUu
103,Umbrella,Rihanna,2007,https://open.spotify.com/track/49FYlytm3dAAraYgpoJZux
104,Samba de Janeiro,Bellini,1997,https://open.spotify.com/track/5aIfLbdgkbH7NbQryd1poB
105,Stop! In The Name Of Love,The Supremes,1965,https://open.spotify.com/track/52FlwUMMDnTK8TGkCag9Jd
106,Voyage voyage,Desireless,1986,https://open.spotify.com/track/2d8D7uk3tbAThjRkdfrx9c
107,The Ketchup Song (Aserejé),Las Ketchup,2002,https://open.spotify.com/track/6UEfyhyfhYQsyipxOd95Ie
108,Vamos a la Playa,Righeira,1983,https://open.spotify.com/track/3oQhgsBwOGaxr5dWKAim7Y
109,Macarena,Los Del Rio,1993,https://open.spotify.com/track/6mhw2fEPH4fMF0wolNm96e
110,Summer Wine,Nancy Sinatra & Lee Hazlewood,1966,https://open.spotify.com/track/2JKRZGp4LwT9GGbcXtx2sw
111,"Rocket Man (I Think It's Going To Be A Long, Long Time)",Elton John,1972,https://open.spotify.com/track/3gdewACMIVMEWVbyb8O9sY
112,Dance The Night,Dua Lipa,2023,https://open.spotify.com/track/11C4y2Yz1XbHmaQwO06s9f
113,One Night Stand,Capital Bra,2018,https://open.spotify.com/track/4i2DmyVwf29lEdmLGNTyGM
114,Sunny,Bobby Hebb,1966,https://open.spotify.com/track/4vju55Ag7apDL2CfotuE7Q
115,Ti Amo,Pietro Lombardi,2021,https://open.spotify.com/track/2vlXmglKhzSlV5XJgPzjnx
116,Spirit In The Sky,Norman Greenbaum,1969,https://open.spotify.com/track/0r2RpSySXGsKSL3OPj2UYt
117,Stadt,Cassandra Steen ft. Adel Tawil,2009,https://open.spotify.com/track/6MK3x3QvFih9TXQKLbnxYe
118,Lila Wolken,Marteria,2012,https://open.spotify.com/track/0c6EzAElZrC62yj80FLmpP
119,Sailing,Rod Stewart,1975,https://open.spotify.com/track/6OuRbvP4PgbuzBIapVzmFJ
120,Am Tag als Conny Kramer starb,Juliane Werding,1972,https://open.spotify.com/track/7kTHUVnGMMOHW1CLdgvzui
121,Mi Gente,J Balvin,2017,https://open.spotify.com/track/5r6X3m7zrVHmU2lSp3DXmP
122,One Day / Reckoning Song,Asaf Avidan,2012,https://open.spotify.com/track/5bGG1abhVIUm6EAa36ipRX
123,I Feel Love,Donna Summer,1977,https://open.spotify.com/track/1vCBk33l9HaWp5FOnhSGxk
124,Summer,Calvin Harris,2014,https://open.spotify.com/track/6YUTL4dYpB9xZO5qExPf05
125,Du,Peter Maffay,1970,https://open.spotify.com/track/3a5Pk82SnxIfGbuu78jCGp
126,Rhythm Is A Dancer,SNAP!,1992,https://open.spotify.com/track/5uFYYOyT3EclOVhiFzPJSz
127,Dubi Dam Dam,Banaroo,2005,https://open.spotify.com/track/6DCD6sl02ALEMzp3DhwQbL
128,Night Fever,Bee Gees,1978,https://open.spotify.com/track/0qemIQjSxcKyf42VPfZnfa
129,Yeah! (feat. Lil Jon & Ludacris),USHER,2004,https://open.spotify.com/track/5rb9QrpfcKFHM1EUbSIurX
130,Without You,Mariah Carey,1994,https://open.spotify.com/track/0pkIJFV6mviH9dmBYsFwTM
131,Un'Estate Italiana,Gianna Nannini & Edoardo Dennato,1989,https://open.spotify.com/track/5QxlNfA8jGDjAegmpECZIp
132,Evacuate the Dancefloor,Cascada,2009,https://open.spotify.com/track/4Zfq7r0v4FKeoxwhyLYSyb
133,Closer,Ne-Yo,2008,https://open.spotify.com/track/0GX5oOKtU0nnx5OkhenW2i
134,Boom Boom Boom,The Outhere Brothers,1995,https://open.spotify.com/track/0yD9hgruivtAAZ7HrKPYmG
135,The Cup of Life (La Copa De La Vida),Ricky Martin,1998,https://open.spotify.com/track/68CzXNGAMmb3k5MhLu0xVb
136,Let's Get Back To Bed - Boy!,Sarah Connor,2001,https://open.spotify.com/track/0EbWhshcHu8Y0NkdgABv3d
137,Black Velvet,Alannah Myles,1989,https://open.spotify.com/track/1KU5EHSz04JhGg3rReGJ0N
138,Waterfall,Michael Schulte & R3HAB,2023,https://open.spotify.com/track/7aJgh6LCvhXJfD7PHjhG70
139,Bailando,Loona,1996,https://open.spotify.com/track/0oxOXYVVZ7vDknU6kagLwO
140,The Power,SNAP!,1990,https://open.spotify.com/track/3P5dVXm98CgVuEpcW2HsUk
141,Drop It Like It's Hot,Snoop Dogg,2004,https://open.spotify.com/track/2NBQmPrOEEjA8VbeWOQGxO
142,Love Generation,Bob Sinclar,2005,https://open.spotify.com/track/15lV6FJ46eb756jcKTGp7p
143,Get Busy,Sean Paul,2003,https://open.spotify.com/track/6bK9BH9Ts8Gj5JFvnQkzak
144,Barbara Ann,The Beach Boys,1961,https://open.spotify.com/track/2KOt2JrCB720UxIbyzweQo
145,Femme Like U,K.Maro,2004,https://open.spotify.com/track/4iVnfuAmwJNAGsiHz8Po6Y
146,Akropolis Adieu,Mireille Mathieu,1971,https://open.spotify.com/track/5mmuzYKRWwpgsUNxhMg2ZW
147,San Francisco (Be Sure to Wear Flowers in Your Hair),Scott McKenzie,1967,https://open.spotify.com/track/66ujRcQB3xjilVohGyvTKM
148,I Believe,KAMRAD,2022,https://open.spotify.com/track/2CewvqbfMOcnvYE3yayAJV
149,Substitution,Purple Disco Machine & Kung,2023,https://open.spotify.com/track/2F2p7b5Xq20mRyEeWYaeUF
150,Lush Life,Zara Larsson,2015,https://open.spotify.com/track/1rIKgCH4H52lrvDcz50hS8
151,So Am I,Ava Max,2019,https://open.spotify.com/track/2Xnv3GntqbBH1juvUYSpHG
152,La Tortura (feat. Alejandro Sanz),Shakira,2005,https://open.spotify.com/track/5BSclXJTa9B0iURhUjZo50
153,SexyBack (feat. Timbaland),Justin Timberlake,2006,https://open.spotify.com/track/0O45fw2L5vsWpdsOdXwNAR
154,Axel F,Harold Faltermeyer,1984,https://open.spotify.com/track/2kgqupahrJpYB4r1poTXEY
155,Summer Of '69,Bryan Adams,1984,https://open.spotify.com/track/0GONea6G2XdnHWjNZd6zt3
156,Cover Me In Sunshine,P!nk,2021,https://open.spotify.com/track/6Tio0ZoDeSQnI7EBAqWer2
157,Hot In Herre,Nelly,2002,https://open.spotify.com/track/04KTF78FFg8sOHC1BADqbY
158,Be My Lover,La Bouche,1995,https://open.spotify.com/track/3vSn1frPgFcRXrjWOfhMLl
159,No Doubt About It,Hot Chocolate,1980,https://open.spotify.com/track/1XcyciZOU2UcFgvSlFazeW
160,Guten Morgen Sonnenschein,Nana Mouskouri,1977,https://open.spotify.com/track/5lpXFKgD6PeT6endUq5EX9
161,Dance Little Birdie,De Electronica's,1981,https://open.spotify.com/track/5WIWTRAfxVY5mvRw4cdb0c
162,Like Ice in the Sunshine,Beagle Music,1985,https://open.spotify.com/track/0UNzSO6Ahn3MQ8izYLwc5K
163,It's My Life,Dr. Alban,1992,https://open.spotify.com/track/4TOGkYS141L15SkVosAp7Z
164,Blondes Wunder,Bernhard Brink,1990,https://open.spotify.com/track/6Nrs5TM730JUEp44XKOWqu
165,The Rhythm of the Night,Corona,1993,https://open.spotify.com/track/0ofMkI3jzmGCElAOgOLeo3
166,Seasons in the Sun,Terry Jacks,1973,https://open.spotify.com/track/7pGMRy91RcQT9oHdPgYz3A
167,Nur Noch Schuhe An!,Mickie Krause,2012,https://open.spotify.com/track/1NBcziAWoXGxn4bVq8pJ3e
168,Sexy Eis,Bürger Lars Dietrich,1996,https://open.spotify.com/track/76UofYbCEIpOfu12Ls1kPt
169,It Feels So Good,Sonique,2000,https://open.spotify.com/track/4Y8q64VnhD0vFYy9g2WFpi
170,Ain't Nobody (Loves Me Better) (feat. Jasmine Thompson),Felix Jaehn,2015,https://open.spotify.com/track/3c8iiZGfEammKJuWTErE5x
171,Tacata,Tacabro,2012,https://open.spotify.com/track/6EhPXpRYkwGwg8lx3XiGTI
172,Scatman's World,Scatman John,1995,https://open.spotify.com/track/6dugx9WBSS8TDxbKqp9zmj
173,Moonlight Shadow,Mike Oldfield,1983,https://open.spotify.com/track/4WpmwEdc4RBos8W8icSSxW
174,Waves,Mr. Probz,2013,https://open.spotify.com/track/3s8GJ1A9ujxsKcLaJ2wY7Q
175,Rosemarie,Hubert Kah,1982,https://open.spotify.com/track/4LYvl2jiB2EkCpZzTA8vxS
176,Fade To Grey,Visage,1980,https://open.spotify.com/track/3yobQNuKVJ62WDU7h725Fu
177,Solo Para Ti,Alvaro Soler,2022,https://open.spotify.com/track/2uAgZ0PelSImQe3BME9CiT
178,Everytime,Britney Spears,2003,https://open.spotify.com/track/0dRhSF9LV0HR8Jwd3MMMKJ
179,Jungle Drum,Emiliana Torrini,2008,https://open.spotify.com/track/49sGyqfSqURWHIKDbkTfdQ
180,Nevermind,Dennis Lloyd,2016,https://open.spotify.com/track/63SevszngYpZOwf63o61K4
181,Prayer in C,"Robin Schulz,Lilly Wood and The Prick",2014,https://open.spotify.com/track/7xavr5xmO2aoHfKDWNHtiK
182,Obsesion,Aventura,2002,https://open.spotify.com/track/65H6t1WQBim6q93yM8fEwn
183,The Edge Of Glory,Lady Gaga,2011,https://open.spotify.com/track/57F80059mWaWFvWG3tBTbO
184,Cake By The Ocean,DNCE,2015,https://open.spotify.com/track/76hfruVvmfQbw0eYn1nmeC
185,Heaven,U96,1996,https://open.spotify.com/track/3gpFz8oAnbKQz83jf17yco
186,Wannabe,Spice Girls,1996,https://open.spotify.com/track/1Je1IMUlBXcx1Fz0WE7oPT
187,I Know You Want Me (Calle Ocho),Pitbull,2009,https://open.spotify.com/track/5RzFJd6W40SDTyZkX6xx45
188,"'54, '74, '90, 2010",Sportfreunde Stiller,2006,https://open.spotify.com/track/6ee1motyT1KuUMiz8dMqxj
189,Daddy Cool,Boney M.,1976,https://open.spotify.com/track/3WMbD1OyfKuwWDWMNbPQ4g
190,Beautiful Sunday,Daniel Boone,1972,https://open.spotify.com/track/6DqNZJ4hhBYd8qj9WbpSTJ
191,Ab in den Süden,Buddy,2003,https://open.spotify.com/track/009Ps3xqvQo4rekY5iwTO7
192,"I'll Be Missing You (feat. Faith Evans, 112)",Diddy,1997,https://open.spotify.com/track/3QHONiXGMGU3z68mQInncF
193,Stole the Show,Kygo,2015,https://open.spotify.com/track/5masKPHeAOVNgxdLebIcK7
194,Despacito,Luis Fonsi,2017,https://open.spotify.com/track/6habFhsOp2NvshLv26DqMb
195,Sweet About Me,Gabriella Cilmi,2008,https://open.spotify.com/track/3Ws8j16fKE1jj74XksiyV6
196,Au Revoir (feat. Sido),Mark Forster,2014,https://open.spotify.com/track/1ZMODMeLK5x6W8r8jsmmgX
197,Hamma!,Culcha Candela,2007,https://open.spotify.com/track/3vaBHxfz5WPBLLPt1hTUvI
198,Shape of You,Ed Sheeran,2017,https://open.spotify.com/track/7qiZfU4dY1lWllzX7mPBI3
199,Swing The Mood,Jive Bunny and the Mastermixers,1989,https://open.spotify.com/track/3Aimpqxpvmz7jhJlNnEd5c
200,Jumpin' Jack Flash,The Rolling Stones,1968,https://open.spotify.com/track/1uBsu3PbD2909UBIfEMLvK
201,Played-A-Live (The Bongo Song),Safri Duo,2000,https://open.spotify.com/track/7uuo02BIR76qZ6ZXQhz7Ys
202,Kingston Town,UB40,1989,https://open.spotify.com/track/1YnVYHXoak0syv4xBRHQRb
203,I Don't Care (with Justin Bieber),Ed Sheeran & Justin Bieber,2019,https://open.spotify.com/track/3HVWdVOQ0ZA45FuZGSfvns
204,I'll Be There for You (Theme from ""Friends'),The Rembrandts,1994,https://open.spotify.com/track/15tHagkk8z306XkyOHqiip
205,Please Don't Go,Double You,1992,https://open.spotify.com/track/0bwNb4KRkhzahJJMFsGoPR
206,In My Mind,Dynoro,2018,https://open.spotify.com/track/0E9ZjEAyAwOXZ7wJC0PD33
207,Rose Garden,Lynn Anderson,1970,https://open.spotify.com/track/5YwgJ6lpZ3SiAQwBEpjqey
208,Perdona,Tiziano Ferro,2001,https://open.spotify.com/track/4T3o83F13gwUaF0xCtAfNl
209,This Love,Maroon 5,2002,https://open.spotify.com/track/6ECp64rv50XVz93WvxXMGF
210,It's Not Unusual,Tom Jones,1965,https://open.spotify.com/track/3TlIt0ReIxPsVZcOEivT5U
211,"Türlich, Türlich (Sicher, Dicker)",Das Bo,2000,https://open.spotify.com/track/0zv3f19rNhmZhNmNA2xJsF
212,Ghetto Supastar (That is What You Are) (feat. Ol' Dirty Bastard & Mýa),Pras,1998,https://open.spotify.com/track/31bf9SEOppLU6lQ85d8om6
213,La Camisa Negra,Juanes,2004,https://open.spotify.com/track/2ZmCYW6bxYtvkthFexIFXL
214,Call Me Maybe,Carly Rae Jepsen,2011,https://open.spotify.com/track/20I6sIOMTCkB6w7ryavxtO
215,No No Never,Texas Lightning,2006,https://open.spotify.com/track/5EEiZp74udn1TOG6ty9Pq6
216,Everybody,DJ BoBo,1993,https://open.spotify.com/track/4Kc0S6bWVeO7Q4SoMPAyX1
217,Cose Della Vita (with Tina Turner),Eros Ramazzotti,1993,https://open.spotify.com/track/2bJtJv5NGkYUFP6prU3WSg
218,Miss California,Dante Thomas,2001,https://open.spotify.com/track/22WlwTY6Y41bG3hIOMF4VO
219,Country Roads (Dance Radio Version),Hermes House Band,2001,https://open.spotify.com/track/0WRlJVQSWnFOnft77TA2gr
220,The Safety Dance,Men Without Hats,1982,https://open.spotify.com/track/5O4NFbDqJ8SOfbjnIhdPDt
221,Gypsy Woman (She's Homeless) (La Da Dee La Da Da),Crystal Waters,1991,https://open.spotify.com/track/1SShxVVBeZBCY7WddnksPz
222,Summertime Sadness,Lana Del Rey,2012,https://open.spotify.com/track/7sZUHAC6nadme4EwrLe99Q
223,Get It On,T. Rex,1971,https://open.spotify.com/track/0LoQuiekvzqx7n8flgEKzF
224,Blue (Da Ba Dee),Eiffel 65,1999,https://open.spotify.com/track/7lMIJ4EFWRVoAIPDpeGyM3
225,Maria,US5,2005,https://open.spotify.com/track/5e4K5KMw5o13ZDLS6ONAEf
226,No Limit,2 Unlimited,1993,https://open.spotify.com/track/1hGvGM76KOX6tpAyaHB0au
227,American Pie,Don McLean,1971,https://open.spotify.com/track/1fDsrQ23eTAVFElUMaf38X
228,Sugar Baby Love,The Rubettes,1974,https://open.spotify.com/track/294ii3rwz6bTJ2XMn5BDu0
229,Lieblingsmensch,Namika,2015,https://open.spotify.com/track/6oHDvarQSp0mf5AD1SyNH0
230,Let It Be,The Beatles,1970,https://open.spotify.com/track/7iN1s7xHE4ifF5povM6A48
231,Around the World (La La La La La),A Touch Of Class,2000,https://open.spotify.com/track/7CvOnbFdnIoXMQ4eFCo5lB
232,Party Rock Anthem,LMFAO,2011,https://open.spotify.com/track/7mitXLIMCflkhZiD34uEQI
233,Backseat of Your Cadillac,C.C. Catch,1988,https://open.spotify.com/track/4EeHfFyhQVZRal9xZACK0I
234,Crazy,Gnarls Barkley,2006,https://open.spotify.com/track/1vxw6aYJls2oq3gW0DujAo
235,Tom's Diner,DNA,1987,https://open.spotify.com/track/6dL2BnMFNAcevlL6i1amiD
236,Love Runs Out,OneRepublic,2013,https://open.spotify.com/track/3cOO5IQtOYs7huq4Z6lYfr
237,Never Gonna Give You Up,Rick Astley,1987,https://open.spotify.com/track/4PTG3Z6ehGkBFwjybzWkR8
238,It's a Real Good Feeling,Peter Kent,1979,https://open.spotify.com/track/2WO2ELsDokJyJ9uxgaRQdt
239,Aicha,Outlandish,2002,https://open.spotify.com/track/7mze3mJmu79AJu8SnS37pS
240,Heart Of Gold,Neil Young,1971,https://open.spotify.com/track/26QKxvjlCo2fSd3T4c8Zpb
241,Semi-Charmed Life,Third Eye Blind,1997,https://open.spotify.com/track/42et6fnHCw1HIPSrdPprMl
242,Glow,Madcon,2010,https://open.spotify.com/track/4icNLSquKZp6e0iEkBn9RP
243,Looking for Freedom,David Hasselhoff,1989,https://open.spotify.com/track/1eMhNaN4a92qoidBbkQCmG
244,All Summer Long,Kid Rock,2007,https://open.spotify.com/track/5rX6C5QVvvZB7XckETNych
245,Zwei Mädchen aus Germany,Paul Anka,1964,https://open.spotify.com/track/4ImlIOgbZtZbhY9AUSHpGm
246,Mr. Saxobeat,Alexandra Stan,2010,https://open.spotify.com/track/3jfN9BwqDUGUjGUH9Xzm18
247,Ferrari,James Hype,2022,https://open.spotify.com/track/4zN21mbAuaD0WqtmaTZZeP
248,Wunder gibt es immer wieder,Katja Ebstein,1970,https://open.spotify.com/track/68pun2nSn33MONTnLYKgpm
249,Chocolate (Choco Choco),Soul Control,2004,https://open.spotify.com/track/3J5F2R62SIyivGUdebjR0O
250,I Swear,All-4-One,1994,https://open.spotify.com/track/4WUnM4KNZ0kjp0CUeoyOnS
251,"Zeit, dass sich was dreht",Herbert Grönemeyer,2006,https://open.spotify.com/track/1NifMX1JqCz9caJowG8dxq
252,Ich bin der Martin 'ne,Diether Krebs,1992,https://open.spotify.com/track/2znqUPNy69gC4l5cC6CtAK
253,Komet,Udo Lindenberg,2023,https://open.spotify.com/track/7oQepKHmXDaPC3rgeLRvQu
254,Dicht im Flieger,Julian Sommer,2022,https://open.spotify.com/track/6sS77FZh2eJfYBsFUW6hjI
255,Rock Your Baby,George McCrae,1974,https://open.spotify.com/track/6pMHMzwTsWIxLigr54GGVm
256,We're Going To Ibiza!,Vengaboys,1999,https://open.spotify.com/track/6trzHhvr6xqYJkNnbWwXz2
257,Frühstück in Paris,Capital Bra,2020,https://open.spotify.com/track/6qAxQhNfM909QrDGLYEocf
258,Lambada,Kaoma,1989,https://open.spotify.com/track/6xepovPqjvrkEw9Y5AMmTm
259,Satellite,Lena,2010,https://open.spotify.com/track/2UjNsh4ipNrmog6wdS2JVv
260,Don't Leave Me This Way,Thelma Houston,1976,https://open.spotify.com/track/51qi5dgc9CsotM87GmRkAX
261,You Really Got Me,The Kinks,1964,https://open.spotify.com/track/6tZdL3Zp8JgrfDbsSeSV1S
262,Smooth (feat. Rob Thomas),Santana,1999,https://open.spotify.com/track/0n2SEXB2qoRQg171q7XqeW
263,Don't Cha,The Pussycat Dolls,2005,https://open.spotify.com/track/0BxfFnk0YzONqvmrkO0QrB
264,You Can Get It,Mark Medlock,2007,https://open.spotify.com/track/3HSUhBYv5J9YIr1kP28keX
265,Let's Talk About Sex,Salt-N-Pepa,1990,https://open.spotify.com/track/6hTBP6QLwJdxbKyLlLXrGo
266,Waka Waka (This Time for Africa),Shakira,2010,https://open.spotify.com/track/63Tl9k1sH8tznn3bqoMuyF
267,Hot Summer,Monrose,2007,https://open.spotify.com/track/5N9j8M1E2azvC53C27JQui
268,Friday (feat. Mufasa & Hypeman),Riton,2021,https://open.spotify.com/track/4cG7HUWYHBV6R6tHn1gxrl
269,The Free Electric Band,Albert Hammond,1973,https://open.spotify.com/track/2bbIswC2E2MMSSjcHFD17G
270,Kung Fu Fighting,Carl Douglas,1974,https://open.spotify.com/track/7K8QsHbmUpSX37oOCL4e2g
271,Welcome to St. Tropez - DJ Antoine vs. Mad Mark Radio Edit,DJ Antoine,2011,https://open.spotify.com/track/5QIG1kl6klZIy0Lu67XNYJ
272,Im Nin'alu,Ofra Haza,1988,https://open.spotify.com/track/5PomJFkGwOHkrk0Rfs2DnH
273,D.I.S.C.O.,Ottawan,1979,https://open.spotify.com/track/1wAfRQ0q2FlWaKPpqedjUR
274,Una Paloma Blanca,George Baker,1975,https://open.spotify.com/track/1j41o4au1RfkOe7Mw9UsCx
275,Tarzan Boy,Baltimora,1985,https://open.spotify.com/track/273uCXd7NPrInaiNqtkOrA
276,Stars On 45,Stars On 45,1981,https://open.spotify.com/track/2BSnJ91uQYliLHH3r2hqEj
277,When Love Takes Over (feat. Kelly Rowland),David Guetta,2009,https://open.spotify.com/track/0GWGZA5mxo9nHuSyrj70uo
278,Aloha-Ahe,Freddy Quinn,1962,https://open.spotify.com/track/6oCNhDipqAForPCDGtTBQP
279,Chequered Love,Kim Wilde,1981,https://open.spotify.com/track/5wO8RKEIKNH45ZMZuTAC3Z
280,Arrivederci Claire,Andy Borg,1982,https://open.spotify.com/track/0iSRq1li0tV14LuvlfLXtN
281,Funkytown,Lipps Inc.,1979,https://open.spotify.com/track/2XVQdI3m0giGxNrwUhV3yP
282,Flowers,Miley Cyrus,2023,https://open.spotify.com/track/7DSAEUvxU8FajXtRloy8M0
283,Iko Iko (My Bestie) (feat. Small Jam),Justin Wellington,2019,https://open.spotify.com/track/3pnxj3KnSjqO1Qkl2qLHIz
284,You're The One That I Want - From Grease,John Travolta,1978,https://open.spotify.com/track/0B9x2BRHqj3Qer7biM3pU3
285,Want to Want Me,Jason Derulo,2015,https://open.spotify.com/track/7oGZAicScQt96OAW4AruYy
286,Self Control,Laura Branigan,1984,https://open.spotify.com/track/6JNJERZGJwDVgkmbohBw7u
287,Nossa Nossa (Ai Se Eu Te Pego),Michel Teló,2011,https://open.spotify.com/track/0INaMqjJJe1BZpnWuCxDzt
288,Carnaval de Paris,Dario G,1998,https://open.spotify.com/track/59mdyQniSaNFeXaKMGu9RB
289,Live Is Life ,Opus,1984,https://open.spotify.com/track/7hkOgKKybgawYUcrkZD3wV
290,Unsere Lieder,Ben Zucker,2022,https://open.spotify.com/track/2GGJzyfq6mNovzf5vqv9MQ
291,In Your Eyes (feat. Alida),Robin Schulz,2020,https://open.spotify.com/track/61ZM92T2zaXIVsqncThQzC
292,Never Let Me Down,VIZE,2020,https://open.spotify.com/track/0Je3J2ml1lrnTLXXIlxrvR
293,Millionen Lichter,Christina Stürmer,2013,https://open.spotify.com/track/66og7eLYQaDJwjWbFB0IiJ
294,When The Beat Drops Out,Marlon Roudette,2014,https://open.spotify.com/track/5aJhuze13LOoLthmiG8YIA
295,Butterfly,Danyel Gerard,1971,https://open.spotify.com/track/72rLswhYvQz9LRx3LogMIW
296,Danza Kuduro,Don Omar,2010,https://open.spotify.com/track/6DXLO8LndZMVOHM0wNbpzg
297,La vie en rose,Grace Jones,1977,https://open.spotify.com/track/5yJrl2r0vr6u9BXqQXZE3V
298,Club Tropicana,Wham!,1983,https://open.spotify.com/track/6tASfEUyB7lE2r6DLzURji
299,Maneater,Nelly Furtado,2006,https://open.spotify.com/track/4wH4dJgrsxONID6KS2tDQM
300,La Isla Bonita,Madonna,1986,https://open.spotify.com/track/6r8k1vznHrzlEKYxL4dZEe
301,Übermorgen,Mark Forster,2020,https://open.spotify.com/track/1NP7bzm8UksJUWXsuFoOwE
302,Get Down,Gilbert O'Sullivan,1973,https://open.spotify.com/track/7HLZEgQ5ShGYrcKS8Iv3u5
303,Israelites,Desmond Dekker,1968,https://open.spotify.com/track/5U1GMgbXXM5eLvKUDnvqNS
304,What A Feeling,Irene Cara,1983,https://open.spotify.com/track/0aAR5HogGoT68EWFbyRFqx
305,Music,John Miles,1976,https://open.spotify.com/track/2oXchyEBxQBe8vH6iFgbv0
306,Santamaria,Oliver Onions,1980,https://open.spotify.com/track/3GYdFB1UtGEqKGlf6R80Nx
307,Radar Love,Golden Earring,1974,https://open.spotify.com/track/4Zau4QvgyxWiWQ5KQrwL43
308,Lovers on the Sun (feat. Sam Martin),David Guetta,2014,https://open.spotify.com/track/2rgtCOVK2tpfao2VjURn84